id,name,city,email,zipcode,company_name
1,Leanne Graham,Gwenborough,Sincere@april.biz,92998-3874,Romaguera-Crona
2,Ervin Howell,Wisokyburgh,Shanna@melissa.tv,90566-7771,Deckow-Crist
3,Clementine Bauch,McKenziehaven,Nathan@yesenia.net,59590-4157,Romaguera-Jacobson
4,Patricia Lebsack,South Elvis,Julianne.OConner@kory.org,53919-4257,Robel-Corkery
5,Chelsey Dietrich,Roscoeview,Lucio_Hettinger@annie.ca,33263,Keebler LLC
6,Mrs. Dennis Schulist,South Christy,Karley_Dach@jasper.info,23505-1337,Considine-Lockman
7,Kurtis Weissnat,Howemouth,Telly.Hoeger@billy.biz,58804-1099,Johns Group
8,Nicholas Runolfsdottir V,Aliyaview,Sherwood@rosamond.me,45169,Abernathy Group
9,Glenna Reichert,Bartholomebury,Chaim_McDermott@dana.io,76495-3109,Yost and Sons
10,Clementina DuBuque,Lebsackbury,Rey.Padberg@karina.biz,31428-2261,Hoeger LLC
1,Leanne Graham,Gwenborough,Sincere@april.biz,92998-3874,Romaguera-Crona
2,Ervin Howell,Wisokyburgh,Shanna@melissa.tv,90566-7771,Deckow-Crist
3,Clementine Bauch,McKenziehaven,Nathan@yesenia.net,59590-4157,Romaguera-Jacobson
4,Patricia Lebsack,South Elvis,Julianne.OConner@kory.org,53919-4257,Robel-Corkery
5,Chelsey Dietrich,Roscoeview,Lucio_Hettinger@annie.ca,33263,Keebler LLC
6,Mrs. Dennis Schulist,South Christy,Karley_Dach@jasper.info,23505-1337,Considine-Lockman
7,Kurtis Weissnat,Howemouth,Telly.Hoeger@billy.biz,58804-1099,Johns Group
8,Nicholas Runolfsdottir V,Aliyaview,Sherwood@rosamond.me,45169,Abernathy Group
9,Glenna Reichert,Bartholomebury,Chaim_McDermott@dana.io,76495-3109,Yost and Sons
10,Clementina DuBuque,Lebsackbury,Rey.Padberg@karina.biz,31428-2261,Hoeger LLC
1,Leanne Graham,Gwenborough,Sincere@april.biz,92998-3874,Romaguera-Crona
2,Ervin Howell,Wisokyburgh,Shanna@melissa.tv,90566-7771,Deckow-Crist
3,Clementine Bauch,McKenziehaven,Nathan@yesenia.net,59590-4157,Romaguera-Jacobson
4,Patricia Lebsack,South Elvis,Julianne.OConner@kory.org,53919-4257,Robel-Corkery
5,Chelsey Dietrich,Roscoeview,Lucio_Hettinger@annie.ca,33263,Keebler LLC
6,Mrs. Dennis Schulist,South Christy,Karley_Dach@jasper.info,23505-1337,Considine-Lockman
7,Kurtis Weissnat,Howemouth,Telly.Hoeger@billy.biz,58804-1099,Johns Group
8,Nicholas Runolfsdottir V,Aliyaview,Sherwood@rosamond.me,45169,Abernathy Group
9,Glenna Reichert,Bartholomebury,Chaim_McDermott@dana.io,76495-3109,Yost and Sons
10,Clementina DuBuque,Lebsackbury,Rey.Padberg@karina.biz,31428-2261,Hoeger LLC
1,Leanne Graham,Gwenborough,Sincere@april.biz,92998-3874,Romaguera-Crona
2,Ervin Howell,Wisokyburgh,Shanna@melissa.tv,90566-7771,Deckow-Crist
3,Clementine Bauch,McKenziehaven,Nathan@yesenia.net,59590-4157,Romaguera-Jacobson
4,Patricia Lebsack,South Elvis,Julianne.OConner@kory.org,53919-4257,Robel-Corkery
5,Chelsey Dietrich,Roscoeview,Lucio_Hettinger@annie.ca,33263,Keebler LLC
6,Mrs. Dennis Schulist,South Christy,Karley_Dach@jasper.info,23505-1337,Considine-Lockman
7,Kurtis Weissnat,Howemouth,Telly.Hoeger@billy.biz,58804-1099,Johns Group
8,Nicholas Runolfsdottir V,Aliyaview,Sherwood@rosamond.me,45169,Abernathy Group
9,Glenna Reichert,Bartholomebury,Chaim_McDermott@dana.io,76495-3109,Yost and Sons
10,Clementina DuBuque,Lebsackbury,Rey.Padberg@karina.biz,31428-2261,Hoeger LLC
1,Leanne Graham,Gwenborough,Sincere@april.biz,92998-3874,Romaguera-Crona
2,Ervin Howell,Wisokyburgh,Shanna@melissa.tv,90566-7771,Deckow-Crist
3,Clementine Bauch,McKenziehaven,Nathan@yesenia.net,59590-4157,Romaguera-Jacobson
4,Patricia Lebsack,South Elvis,Julianne.OConner@kory.org,53919-4257,Robel-Corkery
5,Chelsey Dietrich,Roscoeview,Lucio_Hettinger@annie.ca,33263,Keebler LLC
6,Mrs. Dennis Schulist,South Christy,Karley_Dach@jasper.info,23505-1337,Considine-Lockman
7,Kurtis Weissnat,Howemouth,Telly.Hoeger@billy.biz,58804-1099,Johns Group
8,Nicholas Runolfsdottir V,Aliyaview,Sherwood@rosamond.me,45169,Abernathy Group
9,Glenna Reichert,Bartholomebury,Chaim_McDermott@dana.io,76495-3109,Yost and Sons
10,Clementina DuBuque,Lebsackbury,Rey.Padberg@karina.biz,31428-2261,Hoeger LLC
1,Leanne Graham,Gwenborough,Sincere@april.biz,92998-3874,Romaguera-Crona
2,Ervin Howell,Wisokyburgh,Shanna@melissa.tv,90566-7771,Deckow-Crist
3,Clementine Bauch,McKenziehaven,Nathan@yesenia.net,59590-4157,Romaguera-Jacobson
4,Patricia Lebsack,South Elvis,Julianne.OConner@kory.org,53919-4257,Robel-Corkery
5,Chelsey Dietrich,Roscoeview,Lucio_Hettinger@annie.ca,33263,Keebler LLC
6,Mrs. Dennis Schulist,South Christy,Karley_Dach@jasper.info,23505-1337,Considine-Lockman
7,Kurtis Weissnat,Howemouth,Telly.Hoeger@billy.biz,58804-1099,Johns Group
8,Nicholas Runolfsdottir V,Aliyaview,Sherwood@rosamond.me,45169,Abernathy Group
9,Glenna Reichert,Bartholomebury,Chaim_McDermott@dana.io,76495-3109,Yost and Sons
10,Clementina DuBuque,Lebsackbury,Rey.Padberg@karina.biz,31428-2261,Hoeger LLC
1,Leanne Graham,Gwenborough,Sincere@april.biz,92998-3874,Romaguera-Crona
2,Ervin Howell,Wisokyburgh,Shanna@melissa.tv,90566-7771,Deckow-Crist
3,Clementine Bauch,McKenziehaven,Nathan@yesenia.net,59590-4157,Romaguera-Jacobson
4,Patricia Lebsack,South Elvis,Julianne.OConner@kory.org,53919-4257,Robel-Corkery
5,Chelsey Dietrich,Roscoeview,Lucio_Hettinger@annie.ca,33263,Keebler LLC
6,Mrs. Dennis Schulist,South Christy,Karley_Dach@jasper.info,23505-1337,Considine-Lockman
7,Kurtis Weissnat,Howemouth,Telly.Hoeger@billy.biz,58804-1099,Johns Group
8,Nicholas Runolfsdottir V,Aliyaview,Sherwood@rosamond.me,45169,Abernathy Group
9,Glenna Reichert,Bartholomebury,Chaim_McDermott@dana.io,76495-3109,Yost and Sons
10,Clementina DuBuque,Lebsackbury,Rey.Padberg@karina.biz,31428-2261,Hoeger LLC
1,Leanne Graham,Gwenborough,Sincere@april.biz,92998-3874,Romaguera-Crona
2,Ervin Howell,Wisokyburgh,Shanna@melissa.tv,90566-7771,Deckow-Crist
3,Clementine Bauch,McKenziehaven,Nathan@yesenia.net,59590-4157,Romaguera-Jacobson
4,Patricia Lebsack,South Elvis,Julianne.OConner@kory.org,53919-4257,Robel-Corkery
5,Chelsey Dietrich,Roscoeview,Lucio_Hettinger@annie.ca,33263,Keebler LLC
6,Mrs. Dennis Schulist,South Christy,Karley_Dach@jasper.info,23505-1337,Considine-Lockman
7,Kurtis Weissnat,Howemouth,Telly.Hoeger@billy.biz,58804-1099,Johns Group
8,Nicholas Runolfsdottir V,Aliyaview,Sherwood@rosamond.me,45169,Abernathy Group
9,Glenna Reichert,Bartholomebury,Chaim_McDermott@dana.io,76495-3109,Yost and Sons
10,Clementina DuBuque,Lebsackbury,Rey.Padberg@karina.biz,31428-2261,Hoeger LLC
1,Leanne Graham,Gwenborough,Sincere@april.biz,92998-3874,Romaguera-Crona
2,Ervin Howell,Wisokyburgh,Shanna@melissa.tv,90566-7771,Deckow-Crist
3,Clementine Bauch,McKenziehaven,Nathan@yesenia.net,59590-4157,Romaguera-Jacobson
4,Patricia Lebsack,South Elvis,Julianne.OConner@kory.org,53919-4257,Robel-Corkery
5,Chelsey Dietrich,Roscoeview,Lucio_Hettinger@annie.ca,33263,Keebler LLC
6,Mrs. Dennis Schulist,South Christy,Karley_Dach@jasper.info,23505-1337,Considine-Lockman
7,Kurtis Weissnat,Howemouth,Telly.Hoeger@billy.biz,58804-1099,Johns Group
8,Nicholas Runolfsdottir V,Aliyaview,Sherwood@rosamond.me,45169,Abernathy Group
9,Glenna Reichert,Bartholomebury,Chaim_McDermott@dana.io,76495-3109,Yost and Sons
10,Clementina DuBuque,Lebsackbury,Rey.Padberg@karina.biz,31428-2261,Hoeger LLC
1,Leanne Graham,Gwenborough,Sincere@april.biz,92998-3874,Romaguera-Crona
2,Ervin Howell,Wisokyburgh,Shanna@melissa.tv,90566-7771,Deckow-Crist
3,Clementine Bauch,McKenziehaven,Nathan@yesenia.net,59590-4157,Romaguera-Jacobson
4,Patricia Lebsack,South Elvis,Julianne.OConner@kory.org,53919-4257,Robel-Corkery
5,Chelsey Dietrich,Roscoeview,Lucio_Hettinger@annie.ca,33263,Keebler LLC
6,Mrs. Dennis Schulist,South Christy,Karley_Dach@jasper.info,23505-1337,Considine-Lockman
7,Kurtis Weissnat,Howemouth,Telly.Hoeger@billy.biz,58804-1099,Johns Group
8,Nicholas Runolfsdottir V,Aliyaview,Sherwood@rosamond.me,45169,Abernathy Group
9,Glenna Reichert,Bartholomebury,Chaim_McDermott@dana.io,76495-3109,Yost and Sons
10,Clementina DuBuque,Lebsackbury,Rey.Padberg@karina.biz,31428-2261,Hoeger LLC
